﻿{"cameraMode":{"drawMode":0,"name":"Shaded","section":"Shading Mode"},"sceneLighting":true,"audioPlay":false,"sceneViewState":{"showFog":true,"showMaterialUpdate":false,"showSkybox":true,"showFlares":true,"showImageEffects":true,"showParticleSystems":true},"in2DMode":false,"pivot":{"x":-5.3144330978393559,"y":-4.20781135559082,"z":0.7960000038146973},"rotation":{"x":-0.19632960855960847,"y":0.1106288731098175,"z":-0.022292232140898706,"w":-0.9740421175956726},"size":25.91826057434082,"orthographic":true}